ID,Voiture,Prix,Lien
47159,Bako Bee,16 210DT,https://www.automobile.tn/fr/neuf/bako/bee
47162,Bako B-Van,22 586DT,https://www.automobile.tn/fr/neuf/bako/evan
46815,Suzuki Celerio Populaire,28 518DT,https://www.automobile.tn/fr/neuf/suzuki/celerio-populaire/1.0-l-gl
46572,DFSK K01S,29 900DT,https://www.automobile.tn/fr/neuf/dfsk/k01s
46354,DFSK K01H,32 900DT,https://www.automobile.tn/fr/neuf/dfsk/k01h
47090,Chery Tiggo 1X populaire,34 068DT,https://www.automobile.tn/fr/neuf/chery/tiggo-1x-populaire/1.0-l-turbo
46490,Hyundai Grand i10 Populaire,34 426DT,https://www.automobile.tn/fr/neuf/hyundai/grand-i10-populaire/1.0-l
44690,Mitsubishi Attrage Populaire,34 662DT,https://www.automobile.tn/fr/neuf/mitsubishi/attrage-populaire/1.2-l-glx-bvm-populaire
46810,Changan New Star Van,39 900DT,https://www.automobile.tn/fr/neuf/changan/new-star/1.2-l
46936,Tata Super Ace Simple Cabine,39 900DT,https://www.automobile.tn/fr/neuf/tata/super-ace/1.4-l-turbo-diesel-simple-cabine-2023
46574,DFSK K02S,39 900DT,https://www.automobile.tn/fr/neuf/dfsk/k02s
38865,Mahindra KUV 100,43 960DT,https://www.automobile.tn/fr/neuf/mahindra/kuv-100/1.2-l-k8
46548,Changan Star Truck Double Cabine,49 900DT,https://www.automobile.tn/fr/neuf/changan/star-truck-double-cabine/1.2-l
27403,Fiat Fiorino,51 500DT,https://www.automobile.tn/fr/neuf/fiat/fiorino/1.3-l-multijet
46462,Hyundai Grand i10,51 950DT,https://www.automobile.tn/fr/neuf/hyundai/grand-i10
47189,KIA Picanto,52 480DT,https://www.automobile.tn/fr/neuf/kia/picanto
38229,Suzuki Swift,53 900DT,https://www.automobile.tn/fr/neuf/suzuki/swift
46630,Chevrolet Sonic,54 778DT,https://www.automobile.tn/fr/neuf/chevrolet/sonic/1.4-l-bva
45603,Suzuki Dzire,54 900DT,https://www.automobile.tn/fr/neuf/suzuki/dzire
46680,Chery Tiggo 3X,56 490DT,https://www.automobile.tn/fr/neuf/chery/tiggo-3x
47056,Hyundai Grand i10 Sedan,56 950DT,https://www.automobile.tn/fr/neuf/hyundai/grand-i10-sedan/1.2-l-2024
46809,Dacia Sandero,57 450DT,https://www.automobile.tn/fr/neuf/dacia/sandero/1.0-l-tce
46765,Renault Express Van,57 550DT,https://www.automobile.tn/fr/neuf/renault/express-van/diesel
46793,Mahindra XUV 300,58 065DT,https://www.automobile.tn/fr/neuf/mahindra/xuv-300
10471,Mahindra Pick-up SC,60 916DT,https://www.automobile.tn/fr/neuf/mahindra/pick-up-sc/2.2-l-diesel-4x2-plateau-simple
47017,Dacia Logan,62 500DT,https://www.automobile.tn/fr/neuf/dacia/logan/1.0-l-tce-2023
42607,Suzuki Ciaz,62 900DT,https://www.automobile.tn/fr/neuf/suzuki/ciaz
46769,Dacia Sandero Stepway,62 990DT,https://www.automobile.tn/fr/neuf/dacia/sandero-stepway
43789,MG 3,63 450DT,https://www.automobile.tn/fr/neuf/mg/3
47136,Chery Arrizo 5,63 490DT,https://www.automobile.tn/fr/neuf/chery/arrizo-5
46302,MG 5,63 950DT,https://www.automobile.tn/fr/neuf/mg/5
47153,Opel Combo Cargo,64 490DT,https://www.automobile.tn/fr/neuf/opel/combo
47139,Renault Clio,64 950DT,https://www.automobile.tn/fr/neuf/renault/clio/1.0-l-tce-100
46903,Volkswagen Virtus,65 980DT,https://www.automobile.tn/fr/neuf/volkswagen/virtus
46920,Suzuki Baleno,66 900DT,https://www.automobile.tn/fr/neuf/suzuki/baleno
47022,Hyundai i20,66 950DT,https://www.automobile.tn/fr/neuf/hyundai/i20
47100,Skoda Fabia,66 980DT,https://www.automobile.tn/fr/neuf/skoda/fabia
47156,Peugeot Partner,67 490DT,https://www.automobile.tn/fr/neuf/peugeot/partner
3887,Fiat 500,67 500DT,https://www.automobile.tn/fr/neuf/fiat/500/1.2-l-lounge-bva
46612,KIA K2500,67 990DT,https://www.automobile.tn/fr/neuf/kia/k2500/simple-cabine
47118,Peugeot 208,68 490DT,https://www.automobile.tn/fr/neuf/peugeot/208/1.2-l-mca-active
47094,Geely GX3 Pro,68 800DT,https://www.automobile.tn/fr/neuf/geely/gx3-pro/1.5-l-cvt
40419,Mahindra Pick-up DC,69 046DT,https://www.automobile.tn/fr/neuf/mahindra/pick-up-dc
46781,GAC GA4,69 900DT,https://www.automobile.tn/fr/neuf/gac-motor/ga4/1.5-l-bva
47113,Opel Corsa,72 900DT,https://www.automobile.tn/fr/neuf/opel/corsa
47040,KIA Stonic,72 980DT,https://www.automobile.tn/fr/neuf/kia/stonic
46782,Seat Ibiza,72 980DT,https://www.automobile.tn/fr/neuf/seat/ibiza
47052,Tata Xenon X2 Double Cabine 4x2,74 900DT,https://www.automobile.tn/fr/neuf/tata/xenon-dc/2.2-l-4x2-2023
46555,Peugeot Landtrek Simple Cabine,75 490DT,https://www.automobile.tn/fr/neuf/peugeot/landtrek-simple-cabine
46643,Volkswagen Caddy Cargo,75 980DT,https://www.automobile.tn/fr/neuf/volkswagen/caddy-cargo
46906,Volkswagen T-Cross,75 980DT,https://www.automobile.tn/fr/neuf/volkswagen/t-cross
47143,Suzuki Fronx,76 900DT,https://www.automobile.tn/fr/neuf/suzuki/fronx
46922,Skoda Kushaq,76 980DT,https://www.automobile.tn/fr/neuf/skoda/kushaq
46325,Fiat Tipo Berline,78 500DT,https://www.automobile.tn/fr/neuf/fiat/tipo-berline
46381,Suzuki Ertiga,78 900DT,https://www.automobile.tn/fr/neuf/suzuki/ertiga
47044,Honda City,78 990DT,https://www.automobile.tn/fr/neuf/honda/city
46802,Toyota Hiace Van,79 900DT,https://www.automobile.tn/fr/neuf/toyota/hiace-van/3.0-l-diesel
46779,GAC GS3,79 970DT,https://www.automobile.tn/fr/neuf/gac-motor/gs3/1.3-l-bva
45282,Fiat Doblo Combi,80 000DT,https://www.automobile.tn/fr/neuf/fiat/doblo-combi
46762,MG ZS,80 950DT,https://www.automobile.tn/fr/neuf/mg/zs
46943,MG GT,80 950DT,https://www.automobile.tn/fr/neuf/mg/gt
47068,Tata Xenon X2 Double Cabine 4x4,81 900DT,https://www.automobile.tn/fr/neuf/tata/xenon-x2-double-cabine-4x4/2.2-l-4x4
47015,Opel Crossland,82 900DT,https://www.automobile.tn/fr/neuf/opel/crossland
46893,Great Wall Wingle 5 Double Cabine,82 975DT,https://www.automobile.tn/fr/neuf/great-wall/wingle-5-double-cabine/2.0-l-diesel-4x2-2023
46891,Volkswagen Polo,82 980DT,https://www.automobile.tn/fr/neuf/volkswagen/polo
46976,Toyota Yaris Hybride,83 800DT,https://www.automobile.tn/fr/neuf/toyota/yaris-hybride/1.5-l-cvt-france
36969,Ford Transit Custom,83 900DT,https://www.automobile.tn/fr/neuf/ford/transit-custom/2.2-l-diesel
47055,DFSK Glory 500,83 900DT,https://www.automobile.tn/fr/neuf/dfsk/glory-500/1.5-t-cvt
46321,Peugeot Expert,84 900DT,https://www.automobile.tn/fr/neuf/peugeot/expert/2.0-l-hdi-5.8-m3
46805,Renault Master,84 900DT,https://www.automobile.tn/fr/neuf/renault/master
46623,Faw Besturn X40,84 900DT,https://www.automobile.tn/fr/neuf/faw/besturn-x40/1.6-l
46743,Chevrolet Groove,85 825DT,https://www.automobile.tn/fr/neuf/chevrolet/groove/1.5-l-premier-2022
47110,Honda Jazz,85 990DT,https://www.automobile.tn/fr/neuf/honda/jazz/1.5-l-e-hev
46841,Geely Coolray,86 800DT,https://www.automobile.tn/fr/neuf/geely/coolray
46690,Seat Arona,87 980DT,https://www.automobile.tn/fr/neuf/seat/arona
46247,Dacia Duster,88 700DT,https://www.automobile.tn/fr/neuf/dacia/duster
47146,Skoda Scala,88 980DT,https://www.automobile.tn/fr/neuf/skoda/scala
46456,Nissan Juke,89 400DT,https://www.automobile.tn/fr/neuf/nissan/juke
14233,Peugeot Boxer,89 900DT,https://www.automobile.tn/fr/neuf/peugeot/boxer
46927,Hyundai Venue,90 000DT,https://www.automobile.tn/fr/neuf/hyundai/venue/1.0-l-turbo-bva
46972,Fiat Ducato,90 400DT,https://www.automobile.tn/fr/neuf/fiat/ducato
43545,Ford Transit Van,91 500DT,https://www.automobile.tn/fr/neuf/ford/transit-van/2.2-l-d-330-m-l2h2
47103,Skoda Kamiq,91 980DT,https://www.automobile.tn/fr/neuf/skoda/kamiq
46795,Dongfeng Rich 6,93 900DT,https://www.automobile.tn/fr/neuf/dongfeng/rich-6
46556,Peugeot Landtrek Double Cabine,93 990DT,https://www.automobile.tn/fr/neuf/peugeot/landtrek-double-cabine
46631,Chevrolet Captiva,94 920DT,https://www.automobile.tn/fr/neuf/chevrolet/captiva
46987,Renault Megane,94 950DT,https://www.automobile.tn/fr/neuf/renault/megane/1.3-l-tce-140
47172,BYD Dolphin,94 990DT,https://www.automobile.tn/fr/neuf/byd/dolphin/fwd
47049,Peugeot 2008,97 900DT,https://www.automobile.tn/fr/neuf/peugeot/2008
46646,Chery Tiggo 7 Pro,99 580DT,https://www.automobile.tn/fr/neuf/chery/tiggo-7/1.5-t-cvt
43544,Suzuki Jimny,99 900DT,https://www.automobile.tn/fr/neuf/suzuki/jimny
46718,DFSK Glory 580,99 900DT,https://www.automobile.tn/fr/neuf/dfsk/glory-580/1.5-l-cvt-luxury
47186,MG 4,99 950DT,https://www.automobile.tn/fr/neuf/mg/4/64-kwh-luxuryplus
46500,Seat Leon,99 980DT,https://www.automobile.tn/fr/neuf/seat/leon
46640,Peugeot Rifter,100 900DT,https://www.automobile.tn/fr/neuf/peugeot/rifter/1.6-l-hdi-90ch
46592,Haval Jolion,100 980DT,https://www.automobile.tn/fr/neuf/haval/jolion/1.5-t
46988,Renault Megane Sedan,101 650DT,https://www.automobile.tn/fr/neuf/renault/megane-sedan
47064,Ssangyong Tivoli,102 575DT,https://www.automobile.tn/fr/neuf/ssangyong/tivoli/1.5-t-ilovit-2024
47129,MG One,103 950DT,https://www.automobile.tn/fr/neuf/mg/one/1.5-l-bva
46582,Volkswagen Transporter Fourgon 6.1,104 980DT,https://www.automobile.tn/fr/neuf/volkswagen/transporter/2l-tdi
46952,Opel Astra,105 900DT,https://www.automobile.tn/fr/neuf/opel/astra
46853,Peugeot 308,105 900DT,https://www.automobile.tn/fr/neuf/peugeot/308/1.2-l-puretech-130-ch-eat8-allure
47173,BYD King,105 990DT,https://www.automobile.tn/fr/neuf/byd/king/1.5-l-dm-i
46525,Mitsubishi Eclipse Cross,107 000DT,https://www.automobile.tn/fr/neuf/mitsubishi/eclipse-cross/1.5-t-mivec-cvt
14234,Peugeot Boxer Double Cabine,109 900DT,https://www.automobile.tn/fr/neuf/peugeot/boxer-plateau-double-cabine/350-l2-plateau-double-cabine
46773,Opel Mokka,109 900DT,https://www.automobile.tn/fr/neuf/opel/mokka
47083,Toyota Corolla Sedan,111 800DT,https://www.automobile.tn/fr/neuf/toyota/corolla/1.6-l-cvt-bva
46814,Fiat 500X Cross,112 000DT,https://www.automobile.tn/fr/neuf/fiat/500x-cross/1.4-l-multiair-bva-bi-colore
46817,Bestune T77 Pro,113 777DT,https://www.automobile.tn/fr/neuf/bestune/bestune-t77
47128,MG RX5,113 950DT,https://www.automobile.tn/fr/neuf/mg/rx5/1.5-l-bva
43497,Volkswagen Crafter,114 980DT,https://www.automobile.tn/fr/neuf/volkswagen/crafter
46914,Volkswagen Caddy Combi,114 980DT,https://www.automobile.tn/fr/neuf/volkswagen/caddy-combi/1.6-l-mpi-confort
46551,Great Wall Poer MT,115 900DT,https://www.automobile.tn/fr/neuf/great-wall/poer/2.0-l-diesel-4x4
46479,Foday F22 Max,116 800DT,https://www.automobile.tn/fr/neuf/foday/f22-max/1.9-l-tid4-luxury
46591,Ford Kuga,116 900DT,https://www.automobile.tn/fr/neuf/ford/kuga
47012,MG e-ZS,116 950DT,https://www.automobile.tn/fr/neuf/mg/ezs/electrique-my2023
47202,DFSK Glory iX5,118 900DT,https://www.automobile.tn/fr/neuf/dfsk/glory-ix5/1.5-t-deluxe-cvt
47016,Hyundai Creta,118 950DT,https://www.automobile.tn/fr/neuf/hyundai/creta/1.5-l-bva
47149,KIA Seltos,118 980DT,https://www.automobile.tn/fr/neuf/kia/seltos/1.4-t-gdi-top-grade
46896,Toyota Yaris Cross Hybride,119 900DT,https://www.automobile.tn/fr/neuf/toyota/yaris-cross
47039,Wallyscar Wolf,119 900DT,https://www.automobile.tn/fr/neuf/wallyscar/wolf/1.5-t
46913,Peugeot 308 GT,120 900DT,https://www.automobile.tn/fr/neuf/peugeot/308-gt/1.2-l-puretech-130-ch-bva
46687,Volkswagen Golf 8,120 980DT,https://www.automobile.tn/fr/neuf/volkswagen/golf-8
46715,Mini 3 portes,122 600DT,https://www.automobile.tn/fr/neuf/mini/3-portes/1.5-l-one
47011,Dongfeng T5 EVO,122 700DT,https://www.automobile.tn/fr/neuf/dongfeng/t5-evo/1.5-l-turbo
46969,Geely Azkarra,122 800DT,https://www.automobile.tn/fr/neuf/geely/azkara/1.5-l-turbo-hybrid
46808,Changan Hunter,123 046DT,https://www.automobile.tn/fr/neuf/changan/hunter/1.9-l-turbo-diesel-4x4
47115,Toyota Hilux Simple Cabine,123 800DT,https://www.automobile.tn/fr/neuf/toyota/hilux-simple-cabine/2.4-l-diesel-d-4d-4x4
46897,Hyundai Kona Electric,123 950DT,https://www.automobile.tn/fr/neuf/hyundai/kona-ev/bva
47176,BYD Atto 3,123 990DT,https://www.automobile.tn/fr/neuf/byd/atto-3/bev
47168,Volvo EX30,124 900DT,https://www.automobile.tn/fr/neuf/volvo/ex30
46351,Ssangyong Korando,124 980DT,https://www.automobile.tn/fr/neuf/ssangyong/korando/1.5-l-gdi-limited-bva
46436,Seat Ateca,124 980DT,https://www.automobile.tn/fr/neuf/seat/ateca
46251,Toyota Corolla Sedan Hybride,125 000DT,https://www.automobile.tn/fr/neuf/toyota/corolla-sedan-hybride/1.8-l-hybride
46265,Jeep Renegade,126 500DT,https://www.automobile.tn/fr/neuf/jeep/renegade/1.4-turbo-limited-bva-4x2
46716,Mini 5 portes,126 800DT,https://www.automobile.tn/fr/neuf/mini/5-portes/1.5-l-one
46959,Honda HR-V,127 990DT,https://www.automobile.tn/fr/neuf/honda/hr-v/1.5-l-cvt-ex-2023
46771,Chery Tiggo 8 Pro,129 590DT,https://www.automobile.tn/fr/neuf/chery/tiggo-8-pro/1.6-t-7-dct
47145,Suzuki Grand Vitara,129 900DT,https://www.automobile.tn/fr/neuf/suzuki/grand-vitara/1.5-l-bva-glx
46753,Hyundai Kona Hybride,130 000DT,https://www.automobile.tn/fr/neuf/hyundai/kona-hybride/1.6-l-t-gdi-bva
18510,Mitsubishi ASX,131 700DT,https://www.automobile.tn/fr/neuf/mitsubishi/asx/2.0-l-bva
46898,Cupra Leon,131 980DT,https://www.automobile.tn/fr/neuf/cupra/leon
46706,Toyota Land Cruiser 79,134 800DT,https://www.automobile.tn/fr/neuf/toyota/land-cruiser-79/4.2-l-diesel-4x4-simple-cabine
46921,Renault Austral,134 900DT,https://www.automobile.tn/fr/neuf/renault/austral/1.3-l
46699,Ssangyong Musso,136 845DT,https://www.automobile.tn/fr/neuf/ssangyong/musso
46669,Hyundai Kona,137 000DT,https://www.automobile.tn/fr/neuf/hyundai/kona
46518,Skoda Karoq,138 980DT,https://www.automobile.tn/fr/neuf/skoda/karoq
46946,KIA Niro Hybride,139 980DT,https://www.automobile.tn/fr/neuf/kia/niro
46298,Toyota Hiace,140 000DT,https://www.automobile.tn/fr/neuf/toyota/hiace/2.5-l-diesel-16-places
46768,KIA Sportage,140 980DT,https://www.automobile.tn/fr/neuf/kia/sportage
46528,Ford Transit Minibus,141 000DT,https://www.automobile.tn/fr/neuf/ford/transit-bus/restyle-2.2-l-d-15-places
47063,Great Wall Poer AT,141 900DT,https://www.automobile.tn/fr/neuf/great-wall/poer-at/2.0-l-diesel-4x4-bva
46746,Nissan Qashqai,143 500DT,https://www.automobile.tn/fr/neuf/nissan/qashqai
47117,Haval H6 Hybride,144 900DT,https://www.automobile.tn/fr/neuf/haval/h6-hybride/1.5-t-hev
46884,MG e-HS,144 950DT,https://www.automobile.tn/fr/neuf/mg/ehs/1.5-phev-trophy
46609,Peugeot 3008,146 900DT,https://www.automobile.tn/fr/neuf/peugeot/3008/1.6-l-allure-bva
46963,Peugeot 408,148 900DT,https://www.automobile.tn/fr/neuf/peugeot/408
46633,Chevrolet Equinox,148 968DT,https://www.automobile.tn/fr/neuf/chevrolet/equinox/1.5-turbo-bva-awd
47187,MG Marvel R,149 950DT,https://www.automobile.tn/fr/neuf/mg/marvel-r/70-kwh-luxuryplus
47178,Honda ZR-V,149 990DT,https://www.automobile.tn/fr/neuf/honda/zr-v/1.5-l-cvt
46512,BMW Série 1,150 900DT,https://www.automobile.tn/fr/neuf/bmw/serie-1-5p
46358,Peugeot Expert Combi,151 900DT,https://www.automobile.tn/fr/neuf/peugeot/expert-combi/2.0-l-hdi-9-places
46722,Skoda Kodiaq,153 980DT,https://www.automobile.tn/fr/neuf/skoda/kodiaq/facelift-1.4-l-tsi-dsg-ambition
46695,Audi A3 Sportback,154 000DT,https://www.automobile.tn/fr/neuf/audi/a3-sportback
47142,Mitsubishi L200 Double Cabine,155 000DT,https://www.automobile.tn/fr/neuf/mitsubishi/l200-double-cabine/2.5-l-did
47183,Nissan Qashqai e-Power,155 900DT,https://www.automobile.tn/fr/neuf/nissan/qashqai-e-power/1.5-l-n-connecta
47001,Audi A3 Berline,156 000DT,https://www.automobile.tn/fr/neuf/audi/a3-berline/35-tfsi-business-extended
46585,Volkswagen Tiguan,156 980DT,https://www.automobile.tn/fr/neuf/volkswagen/tiguan
47174,BYD Song Plus,156 990DT,https://www.automobile.tn/fr/neuf/byd/song-plus/1.5-l-dm-i
47193,Mini Countryman,159 000DT,https://www.automobile.tn/fr/neuf/mini/countryman
47018,Audi Q2,159 000DT,https://www.automobile.tn/fr/neuf/audi/q2/35-tfsi-s-tronic-s-line-2023
46786,Hyundai Staria 11 places,159 600DT,https://www.automobile.tn/fr/neuf/hyundai/staria/2.2-crdi
46882,Toyota Hilux Double Cabine,159 800DT,https://www.automobile.tn/fr/neuf/toyota/hilux
47107,Honda Civic,159 990DT,https://www.automobile.tn/fr/neuf/honda/civic/1.5-l-cvt
46965,Peugeot 408 GT,160 900DT,https://www.automobile.tn/fr/neuf/peugeot/408-gt/1.6-l-bva
46995,Mercedes-Benz Classe A,164 000DT,https://www.automobile.tn/fr/neuf/mercedes-benz/classe-a
46056,Toyota RAV 4 Hybride,164 800DT,https://www.automobile.tn/fr/neuf/toyota/rav-4-hybride/2.5-l-hybride
46881,Skoda Superb,164 980DT,https://www.automobile.tn/fr/neuf/skoda/superb/1.4-tsi-dsg-sportline
46992,Mercedes-Benz Classe A Berline,165 000DT,https://www.automobile.tn/fr/neuf/mercedes-benz/classe-a-berline
46610,Peugeot 3008 GT,166 900DT,https://www.automobile.tn/fr/neuf/peugeot/3008-gt-line/1.6l-bva
46523,Seat Tarraco,166 980DT,https://www.automobile.tn/fr/neuf/seat/tarraco/1.4-l-tsi-bva-fr-2021
46754,Cupra Formentor,167 980DT,https://www.automobile.tn/fr/neuf/cupra/formentor/2.0-l-tsi-dsg-7-4drive-exclusive
47053,Hyundai Ioniq 5,168 950DT,https://www.automobile.tn/fr/neuf/hyundai/ioniq-5
46357,BMW Série 2 Gran Coupé,169 900DT,https://www.automobile.tn/fr/neuf/bmw/serie-2-gran-coupe
47095,Ford Ranger,170 000DT,https://www.automobile.tn/fr/neuf/ford/ranger
47005,Volvo XC40,170 000DT,https://www.automobile.tn/fr/neuf/volvo/xc40
47024,Hyundai Tucson Hybride,170 000DT,https://www.automobile.tn/fr/neuf/hyundai/tucson-hybride/1.6-l-t-gdi-bva-6-2wd-top-grade
46343,Peugeot traveller,171 900DT,https://www.automobile.tn/fr/neuf/peugeot/traveller/2.0-l-hdi-9-places
46748,MG RX8,174 950DT,https://www.automobile.tn/fr/neuf/mg/rx8/2.0-t-lux
46990,KIA Sportage Hybride,174 980DT,https://www.automobile.tn/fr/neuf/kia/sportage-hybride
46621,Hyundai Tucson,180 000DT,https://www.automobile.tn/fr/neuf/hyundai/tucson/1.6-l-t-gdi-7-dct-4wd-top-grade
47092,Ssangyong Torres,184 580DT,https://www.automobile.tn/fr/neuf/ssangyong/torres/1.5-l-t-gdi-bva
46615,Peugeot 5008 GT,186 900DT,https://www.automobile.tn/fr/neuf/peugeot/5008-gt-line/1.6l-thp-163ch
47109,Honda Civic Hybride,186 990DT,https://www.automobile.tn/fr/neuf/honda/civic-hybride/2.0-l-e-hev
46888,BMW X1,188 900DT,https://www.automobile.tn/fr/neuf/bmw/x1
46790,BMW Série 3,189 900DT,https://www.automobile.tn/fr/neuf/bmw/serie-3
46583,Volkswagen Transporter Combi 6.1,189 980DT,https://www.automobile.tn/fr/neuf/volkswagen/transporter-combi/2l-tdi
47177,Honda Accord,189 990DT,https://www.automobile.tn/fr/neuf/honda/accord/1.5-l-turbo-24
46787,Hyundai Staria 9 places,190 000DT,https://www.automobile.tn/fr/neuf/hyundai/staria-9-places
46864,Volvo S60,194 900DT,https://www.automobile.tn/fr/neuf/volvo/s60
46712,Mitsubishi Pajero,196 500DT,https://www.automobile.tn/fr/neuf/mitsubishi/pajero/2.8-l
46777,BMW Série 2 Active Tourer,197 800DT,https://www.automobile.tn/fr/neuf/bmw/serie-2-active-tourer/218i-bva-luxury-line
47065,Audi A4,198 000DT,https://www.automobile.tn/fr/neuf/audi/a4/35-tfsi-s-tronic-business-line-plus
43357,Alfa Romeo Giulia,198 000DT,https://www.automobile.tn/fr/neuf/alfa-romeo/giulia/2.0-turbo-bva-super
47195,BMW X2,199 900DT,https://www.automobile.tn/fr/neuf/bmw/x2
47028,Volvo C40 Recharge,199 900DT,https://www.automobile.tn/fr/neuf/volvo/c40-recharge
47066,Volkswagen Amarok,199 980DT,https://www.automobile.tn/fr/neuf/volkswagen/amarok
47060,KIA EV6,199 980DT,https://www.automobile.tn/fr/neuf/kia/ev6
47037,Mercedes-Benz CLA,201 000DT,https://www.automobile.tn/fr/neuf/mercedes-benz/cla
46998,Mercedes-Benz GLA,203 000DT,https://www.automobile.tn/fr/neuf/mercedes-benz/gla
47151,Audi Q3,205 000DT,https://www.automobile.tn/fr/neuf/audi/q3/35-tfsi-s-tronic-advanced-line
47133,BMW iX1,216 900DT,https://www.automobile.tn/fr/neuf/bmw/ix1
46662,Skoda Octavia RS,216 980DT,https://www.automobile.tn/fr/neuf/skoda/octavia-rs/2.0-tsi-dsg
47098,BMW X1 Hybride,217 900DT,https://www.automobile.tn/fr/neuf/bmw/x1-hybride
46671,Mercedes-Benz Classe C,218 000DT,https://www.automobile.tn/fr/neuf/mercedes-benz/classe-c
46593,Toyota Land Cruiser 76,224 998DT,https://www.automobile.tn/fr/neuf/toyota/land-cruiser-76/4.2-l
46484,Mercedes-Benz GLB,226 000DT,https://www.automobile.tn/fr/neuf/mercedes-benz/glb/200-amg
47175,BYD Tang EV,229 990DT,https://www.automobile.tn/fr/neuf/byd/tang-ev/bev
46297,Toyota Coaster,232 000DT,https://www.automobile.tn/fr/neuf/toyota/coaster/4.2-l
47185,Audi Q3 Sportback,235 000DT,https://www.automobile.tn/fr/neuf/audi/q3-sportback/35-tfsi-s-tronic-business-limited
47096,BMW i4,236 900DT,https://www.automobile.tn/fr/neuf/bmw/i4
46713,Mitsubishi Pajero Sport,243 567DT,https://www.automobile.tn/fr/neuf/mitsubishi/pajero-sport
47020,Volvo S90,244 900DT,https://www.automobile.tn/fr/neuf/volvo/s90
47182,Hyundai Azera Hybride,249 950DT,https://www.automobile.tn/fr/neuf/hyundai/azera-hybride/1.6-l-t-gdi-bva-6-2wd-calligraphy
47014,Ford Everest,257 000DT,https://www.automobile.tn/fr/neuf/ford/everest
47033,Mercedes-Benz Classe E,259 000DT,https://www.automobile.tn/fr/neuf/mercedes-benz/classe-e
47171,KIA EV6 GT,262 980DT,https://www.automobile.tn/fr/neuf/kia/ev6-gt/awd
34086,Alfa Romeo Stelvio,265 000DT,https://www.automobile.tn/fr/neuf/alfa-romeo/stelvio/2.0-turbo-q4-bva
47119,BMW Série 5,269 900DT,https://www.automobile.tn/fr/neuf/bmw/serie-5
46858,Volvo XC60,269 900DT,https://www.automobile.tn/fr/neuf/volvo/xc60
47130,Toyota Fortuner,274 800DT,https://www.automobile.tn/fr/neuf/toyota/fortuner/2.4-l-d-4d-bva
46558,KIA Sorento,274 980DT,https://www.automobile.tn/fr/neuf/kia/sorento
47179,Honda Civic Type R,279 990DT,https://www.automobile.tn/fr/neuf/honda/civic-type-r/2.0-l-turbo
46670,Hyundai Santa Fe,280 000DT,https://www.automobile.tn/fr/neuf/hyundai/santa-fe/2.2-l-crdi
46647,BMW Série 4 Gran Coupé,281 500DT,https://www.automobile.tn/fr/neuf/bmw/serie-4-gran-coupe
46894,Mercedes-Benz GLC,284 000DT,https://www.automobile.tn/fr/neuf/mercedes-benz/glc
47135,BMW iX3,284 900DT,https://www.automobile.tn/fr/neuf/bmw/ix3/m-sport
47106,Mercedes-Benz CLE Coupé,292 000DT,https://www.automobile.tn/fr/neuf/mercedes-benz/cle-coupe/200-amg
46970,Audi A6,295 000DT,https://www.automobile.tn/fr/neuf/audi/a6/40-tfsi-s-tronic-s-line-2023
47123,Audi Q8 E-tron,299 000DT,https://www.automobile.tn/fr/neuf/audi/q8-e-tron/55-e-quattro-advanced-line
46823,Ssangyong Rexton,312 300DT,https://www.automobile.tn/fr/neuf/ssangyong/rexton/2.2-l-diesel-bva-5-places
46577,Volkswagen Multivan 6.1,319 980DT,https://www.automobile.tn/fr/neuf/volkswagen/multivan/2.0-l-tdi-dsg
47112,Ford Ranger Raptor,320 000DT,https://www.automobile.tn/fr/neuf/ford/ranger-raptor/2.0-l-tdci-210-ch-4x4-bva
46568,Jeep Wrangler,327 000DT,https://www.automobile.tn/fr/neuf/jeep/wrangler-2021/2.0-l-rubicon
46481,BMW Série 4 Coupé,329 900DT,https://www.automobile.tn/fr/neuf/bmw/serie-4-coupe/420i-pack-m-sport
47032,Mercedes-Benz GLC Coupé,339 000DT,https://www.automobile.tn/fr/neuf/mercedes-benz/glc-coupe/200-4matic-amg
47079,Land Rover Range Rover Evoque,340 000DT,https://www.automobile.tn/fr/neuf/land-rover/range-rover-evoque
47180,Toyota Prado,342 000DT,https://www.automobile.tn/fr/neuf/toyota/prado
46982,Mercedes-Benz Classe C Plug-in Hybride,345 000DT,https://www.automobile.tn/fr/neuf/mercedes-benz/classe-c-hybride/350e-amg
47124,Audi Q8 Sportback e-tron,349 000DT,https://www.automobile.tn/fr/neuf/audi/q8-sportback-e-tron/55-e-quattro-s-line
47084,Jaguar E-Pace,350 000DT,https://www.automobile.tn/fr/neuf/jaguar/e-pace/2.0-d-i4-r-dynamic-s
46767,Audi Q5 Sportback,350 000DT,https://www.automobile.tn/fr/neuf/audi/q5-sportback/45-tfsi-quattro-s-line
47025,Hyundai Palisade Calligraphy,350 000DT,https://www.automobile.tn/fr/neuf/hyundai/palisade-calligraphy
46872,BMW X3 Hybride,355 000DT,https://www.automobile.tn/fr/neuf/bmw/x3-hybride-rechargeable
46971,Audi E-tron GT,360 000DT,https://www.automobile.tn/fr/neuf/audi/e-tron-gt/quattro
47077,Land Rover Defender 110,364 200DT,https://www.automobile.tn/fr/neuf/land-rover/defender
46311,Jeep Wrangler Unlimited,375 000DT,https://www.automobile.tn/fr/neuf/jeep/wrangler-unlimited
46977,Volvo XC90,375 900DT,https://www.automobile.tn/fr/neuf/volvo/xc90
47081,Land Rover Range Rover Velar,396 500DT,https://www.automobile.tn/fr/neuf/land-rover/range-rover-velar/2.0-l-p250-s
46983,Mercedes-Benz GLC Plug-in Hybride,397 000DT,https://www.automobile.tn/fr/neuf/mercedes-benz/glc-hybride/350e-4matic-amg
47078,Land Rover Defender 90,398 000DT,https://www.automobile.tn/fr/neuf/land-rover/defender-90/2.0-l-p300-x-dynamix-se
47089,Jaguar F-Pace,399 000DT,https://www.automobile.tn/fr/neuf/jaguar/f-pace/2.0-t-250-r-dynamic-s
47075,Porsche Macan,424 000DT,https://www.automobile.tn/fr/neuf/porsche/macan/2.0-l-265-ch-pdk-2024
47132,BMW iX,431 900DT,https://www.automobile.tn/fr/neuf/bmw/ix/xdrive40
47167,BMW X4,434 900DT,https://www.automobile.tn/fr/neuf/bmw/x4/20i-xdrive-pack-m
46514,Audi Q7,445 000DT,https://www.automobile.tn/fr/neuf/audi/q7/2.0-l-tfsi-quattro-bva-s-line-7-places-2021
47074,Porsche Taycan,463 000DT,https://www.automobile.tn/fr/neuf/porsche/taycan/2s-2024
47140,Mercedes-Benz Classe V,468 000DT,https://www.automobile.tn/fr/neuf/mercedes-benz/classe-v/250-d
46985,Mercedes-Benz GLE,468 000DT,https://www.automobile.tn/fr/neuf/mercedes-benz/gle/300d-4matic-amg-2023
46986,Mercedes-Benz GLE Coupé,488 000DT,https://www.automobile.tn/fr/neuf/mercedes-benz/gle-coupe/300d-4matic-amg-2023
46874,BMW X5 Hybride,496 400DT,https://www.automobile.tn/fr/neuf/bmw/x5-hybride
45383,Audi Q8,510 000DT,https://www.automobile.tn/fr/neuf/audi/q8/55-tfsi-tiptronic-quattro
46979,Toyota Land Cruiser 300,530 000DT,https://www.automobile.tn/fr/neuf/toyota/land-cruiser-300
47072,Porsche Taycan Cross Turismo,540 000DT,https://www.automobile.tn/fr/neuf/porsche/taycan-cross-turismo/-4
47125,Mercedes-Benz Classe S,583 000DT,https://www.automobile.tn/fr/neuf/mercedes-benz/classe-s/450-4matic-2024-limousine
47071,Porsche Cayenne,600 000DT,https://www.automobile.tn/fr/neuf/porsche/cayenne/3.0-l-v6-tiptronic-s-e-hybrid-2024
46820,Land Rover Range Rover Sport,607 200DT,https://www.automobile.tn/fr/neuf/land-rover/range-rover-sport
47070,Porsche Cayenne Coupé,615 000DT,https://www.automobile.tn/fr/neuf/porsche/cayenne-coupe/3.0-v6-tiptronic-s-e-hybrid-2024
47082,Land Rover Range Rover,702 500DT,https://www.automobile.tn/fr/neuf/land-rover/range-rover
46928,BMW Série 7,782 900DT,https://www.automobile.tn/fr/neuf/bmw/serie-7/740i-launch-edition
47076,Porsche 911,845 000DT,https://www.automobile.tn/fr/neuf/porsche/911/carrera-2024
